{"cameraMode":{"drawMode":0,"name":"Shaded","section":"Shading Mode"},"sceneLighting":true,"audioPlay":false,"sceneViewState":{"showFog":true,"showMaterialUpdate":false,"showSkybox":true,"showFlares":true,"showImageEffects":true,"showParticleSystems":true},"in2DMode":false,"pivot":{"x":3.661449432373047,"y":5.452207565307617,"z":23.349721908569337},"rotation":{"x":-0.1618834137916565,"y":-0.010667664930224419,"z":0.0017094878712669016,"w":-0.9867507815361023},"size":286.43359375,"orthographic":false}